action,action description
0,sibling
1,descent
2,marriage
3,fostering
4,betrothal
5,inheritance
6,succession
7,placed in command
8,request assistance
9,offer assistance
10,provide information
11,discover information
12,invitation
13,giftgiving
14,accusation
15,summons
16,lying
17,insult
18,threat
19,intervention
20,challenge
21,hostility_non-lethal
22,hostility_lethal
23,conversation_neutral
24,death_neutral
25,request information
26,name giving
27,suicide
28,ownership
